<?xml version="1.0"?>
<plugins>
    <pyqgis_plugin name="PDS link" version="1.0">
       <description>Show PDS data in QGIS</description>
       <homepage>https://github.com/vvkond/QGIS</homepage>
       <qgis_minimum_version>2.14</qgis_minimum_version>
       <file_name>QgisPDS.1.0.zip</file_name>
       <author_name>Viktor Kondrashov</author_name>
       <download_url>https://drive.google.com/file/d/0B7IZRxNP8xEQeHhWa2xNdEhFb1U/view?usp=sharing</download_url>
   </pyqgis_plugin>
</plugins>
